{
    "rmse": 0.8078876569901738,
    "mae": 0.6621556786884424,
    "r2": 0.05728553725360752
}