{
    "rmse": 0.8174514002272328,
    "mae": 0.6759058589294062,
    "r2": 0.034833792124990715
}